{
  "best_val_video_acc1": 0.8484848484848485,
  "total_time_sec": 223.0229868888855,
  "epochs": 12
}