{
  "best_val_video_acc1": 0.7878787878787878,
  "best_epoch": 10,
  "final_val_video_acc1": 0.7609427609427609,
  "final_val_clip_acc1": 53.3769711395418,
  "total_time_sec": 234.6311354637146,
  "epochs": 12,
  "causality": {
    "checked_samples": 8,
    "max_abs_logit_diff": 0.0,
    "mean_abs_logit_diff": 0.0,
    "tolerance": 1e-06,
    "passed": true
  }
}