{
  "checkpoint": "outputs/round5_A_oldtarget_full_matched_seed2/checkpoint_best.pth",
  "train_size": 8745,
  "val_size": 10083,
  "feature_stats": {
    "pooled_final": {
      "dim": 128,
      "mean_abs": 0.7549558281898499,
      "std_mean": 0.8273971676826477,
      "std_min": 0.23960638046264648
    },
    "summary_final": {
      "dim": 128,
      "mean_abs": 0.6942467093467712,
      "std_mean": 0.113026462495327,
      "std_min": 0.07183641940355301
    }
  },
  "predictability": {
    "checkpoint_pred_target": "summary",
    "pred_target_mse_h1_checkpoint_train": 0.004131819406633993,
    "pred_target_mse_h1_checkpoint_val": 0.004679791703206921
  },
  "classification": {
    "pooled_final": {
      "linear": {
        "epoch": 17,
        "best_val_video_acc": 0.7104377104377104,
        "best_val_clip_acc": 0.5003471374511719,
        "best_val_loss": 2.226184368133545,
        "train_clip_acc": 0.7946255207061768
      },
      "mlp": {
        "epoch": 13,
        "best_val_video_acc": 0.7609427609427609,
        "best_val_clip_acc": 0.5128433704376221,
        "best_val_loss": 5.364206790924072,
        "train_clip_acc": 0.9925671815872192
      }
    },
    "summary_final": {
      "linear": {
        "epoch": 17,
        "best_val_video_acc": 0.7070707070707071,
        "best_val_clip_acc": 0.4648418128490448,
        "best_val_loss": 1.8038733005523682,
        "train_clip_acc": 0.5890222787857056
      },
      "mlp": {
        "epoch": 17,
        "best_val_video_acc": 0.7407407407407407,
        "best_val_clip_acc": 0.48735496401786804,
        "best_val_loss": 2.39615797996521,
        "train_clip_acc": 0.7632933259010315
      }
    }
  },
  "delta_regression": {
    "pooled_state": {
      "linear": {
        "epoch": 7,
        "best_val_mse": 0.20843957364559174,
        "train_mse": 0.19872631132602692
      },
      "mlp": {
        "epoch": 14,
        "best_val_mse": 0.19314727187156677,
        "train_mse": 0.16724930703639984
      }
    },
    "summary": {
      "linear": {
        "epoch": 7,
        "best_val_mse": 0.004154952242970467,
        "train_mse": 0.0036229067482054234
      },
      "mlp": {
        "epoch": 6,
        "best_val_mse": 0.0037397954147309065,
        "train_mse": 0.0031859232112765312
      }
    }
  }
}