{
  "best_val_video_acc1": 0.33620689655172414,
  "total_time_sec": 21.098724126815796,
  "epochs": 12
}