{
  "best_val_video_acc1": 0.7811447811447811,
  "best_epoch": 11,
  "final_val_video_acc1": 0.7811447811447811,
  "final_val_clip_acc1": 51.23475156127845,
  "total_time_sec": 225.15187430381775,
  "epochs": 12,
  "causality": {
    "checked_samples": 8,
    "max_abs_logit_diff": 0.0,
    "mean_abs_logit_diff": 0.0,
    "tolerance": 1e-06,
    "passed": true
  }
}