{
  "best_val_video_acc1": 0.06060606060606061,
  "total_time_sec": 4.423644542694092,
  "epochs": 4
}