{
  "best_val_video_acc1": 0.7811447811447811,
  "best_epoch": 9,
  "final_val_video_acc1": 0.7643097643097643,
  "final_val_clip_acc1": 53.962114449307805,
  "total_time_sec": 221.35481142997742,
  "epochs": 12,
  "causality": {
    "checked_samples": 8,
    "max_abs_logit_diff": 0.0,
    "mean_abs_logit_diff": 0.0,
    "tolerance": 1e-06,
    "passed": true
  }
}