{
  "best_val_video_acc1": 0.7811447811447811,
  "best_epoch": 8,
  "final_val_video_acc1": 0.7811447811447811,
  "final_val_clip_acc1": 54.4183278778509,
  "total_time_sec": 220.55224919319153,
  "epochs": 12,
  "causality": {
    "checked_samples": 8,
    "max_abs_logit_diff": 0.0,
    "mean_abs_logit_diff": 0.0,
    "tolerance": 1e-06,
    "passed": true
  }
}