{
  "best_val_video_acc1": 0.33620689655172414,
  "total_time_sec": 23.18538236618042,
  "epochs": 12
}