{
  "best_val_video_acc1": 0.7946127946127947,
  "best_epoch": 11,
  "final_val_video_acc1": 0.7946127946127947,
  "final_val_clip_acc1": 53.763760785480514,
  "total_time_sec": 218.12290954589844,
  "epochs": 12,
  "causality": {
    "checked_samples": 8,
    "max_abs_logit_diff": 0.0,
    "mean_abs_logit_diff": 0.0,
    "tolerance": 1e-06,
    "passed": true
  }
}