{
  "best_val_video_acc1": 0.8013468013468014,
  "best_epoch": 9,
  "final_val_video_acc1": 0.7878787878787878,
  "final_val_clip_acc1": 53.79351383441144,
  "total_time_sec": 227.04944038391113,
  "epochs": 12,
  "causality": {
    "checked_samples": 8,
    "max_abs_logit_diff": 0.0,
    "mean_abs_logit_diff": 0.0,
    "tolerance": 1e-06,
    "passed": true
  }
}