{
  "checkpoint": "outputs/round3_C_tasktarget_pilot/checkpoint_best.pth",
  "train_size": 1024,
  "val_size": 512,
  "feature_stats": {
    "pooled_final": {
      "dim": 128,
      "mean_abs": 0.7286297678947449,
      "std_mean": 0.6690987944602966,
      "std_min": 0.21724599599838257
    },
    "summary_final": {
      "dim": 128,
      "mean_abs": 0.802765965461731,
      "std_mean": 0.6782270669937134,
      "std_min": 0.3420776128768921
    },
    "projected_pooled_target": {
      "dim": 128,
      "mean_abs": 0.8106229305267334,
      "std_mean": 0.2962931990623474,
      "std_min": 0.1663750559091568
    }
  },
  "predictability": {
    "checkpoint_pred_target": "projected_pooled_target",
    "pred_target_mse_h1_checkpoint_train": 0.024070963612757623,
    "pred_target_mse_h1_checkpoint_val": 0.021842417772859335
  },
  "classification": {
    "pooled_final": {
      "linear": {
        "epoch": 19,
        "best_val_video_acc": 0.38362068965517243,
        "best_val_clip_acc": 0.306640625,
        "best_val_loss": 2.3094165325164795,
        "train_clip_acc": 0.5263671875
      },
      "mlp": {
        "epoch": 14,
        "best_val_video_acc": 0.41810344827586204,
        "best_val_clip_acc": 0.32421875,
        "best_val_loss": 2.8691704273223877,
        "train_clip_acc": 0.79296875
      }
    },
    "summary_final": {
      "linear": {
        "epoch": 12,
        "best_val_video_acc": 0.39655172413793105,
        "best_val_clip_acc": 0.267578125,
        "best_val_loss": 2.338216781616211,
        "train_clip_acc": 0.443359375
      },
      "mlp": {
        "epoch": 18,
        "best_val_video_acc": 0.4267241379310345,
        "best_val_clip_acc": 0.306640625,
        "best_val_loss": 3.0835702419281006,
        "train_clip_acc": 0.8017578125
      }
    }
  },
  "delta_regression": {
    "pooled_state": {
      "linear": {
        "epoch": 14,
        "best_val_mse": 0.11429307609796524,
        "train_mse": 0.11238805949687958
      },
      "mlp": {
        "epoch": 9,
        "best_val_mse": 0.11515413969755173,
        "train_mse": 0.09789546579122543
      }
    },
    "summary": {
      "linear": {
        "epoch": 11,
        "best_val_mse": 0.10679501295089722,
        "train_mse": 0.10407060384750366
      },
      "mlp": {
        "epoch": 10,
        "best_val_mse": 0.10717475414276123,
        "train_mse": 0.09120239317417145
      }
    },
    "projected_pooled_target": {
      "linear": {
        "epoch": 12,
        "best_val_mse": 0.013688425533473492,
        "train_mse": 0.0148441968485713
      },
      "mlp": {
        "epoch": 13,
        "best_val_mse": 0.01302800327539444,
        "train_mse": 0.013517795130610466
      }
    }
  }
}