{
  "checkpoint": "outputs/round2_old_no_sem_pilot/checkpoint_best.pth",
  "train_size": 1024,
  "val_size": 512,
  "feature_stats": {
    "pooled_final": {
      "dim": 128,
      "mean_abs": 0.7374845743179321,
      "std_mean": 0.6794474124908447,
      "std_min": 0.23374339938163757
    },
    "summary_final": {
      "dim": 128,
      "mean_abs": 0.7733711004257202,
      "std_mean": 0.2933959364891052,
      "std_min": 0.1447736769914627
    }
  },
  "predictability": {
    "summary_pred_mse_h1_checkpoint_train": 0.01841828867327422,
    "summary_pred_mse_h1_checkpoint_val": 0.016455710749141872
  },
  "classification": {
    "pooled_final": {
      "linear": {
        "epoch": 13,
        "best_val_video_acc": 0.40948275862068967,
        "best_val_clip_acc": 0.306640625,
        "best_val_loss": 2.286790370941162,
        "train_clip_acc": 0.5205078125
      },
      "mlp": {
        "epoch": 19,
        "best_val_video_acc": 0.4224137931034483,
        "best_val_clip_acc": 0.333984375,
        "best_val_loss": 3.2571535110473633,
        "train_clip_acc": 0.9306640625
      }
    },
    "summary_final": {
      "linear": {
        "epoch": 18,
        "best_val_video_acc": 0.39655172413793105,
        "best_val_clip_acc": 0.29296875,
        "best_val_loss": 2.253946304321289,
        "train_clip_acc": 0.4091796875
      },
      "mlp": {
        "epoch": 11,
        "best_val_video_acc": 0.44396551724137934,
        "best_val_clip_acc": 0.3203125,
        "best_val_loss": 2.292313814163208,
        "train_clip_acc": 0.4775390625
      }
    }
  },
  "delta_regression": {
    "pooled_state": {
      "linear": {
        "epoch": 11,
        "best_val_mse": 0.12722593545913696,
        "train_mse": 0.12396886199712753
      },
      "mlp": {
        "epoch": 6,
        "best_val_mse": 0.12804532051086426,
        "train_mse": 0.11396463215351105
      }
    },
    "summary": {
      "linear": {
        "epoch": 13,
        "best_val_mse": 0.013873336836695671,
        "train_mse": 0.014601522125303745
      },
      "mlp": {
        "epoch": 13,
        "best_val_mse": 0.013420410454273224,
        "train_mse": 0.013279088772833347
      }
    }
  }
}