{
  "checkpoint": "outputs/full_causal_psd/checkpoint_best.pth",
  "train_size": 8745,
  "val_size": 10083,
  "feature_stats": {
    "pooled_final": {
      "dim": 128,
      "mean_abs": 0.7418104410171509,
      "std_mean": 0.8194847106933594,
      "std_min": 0.21464811265468597
    },
    "summary_final": {
      "dim": 128,
      "mean_abs": 0.6905717253684998,
      "std_mean": 0.10942699015140533,
      "std_min": 0.07541853934526443
    }
  },
  "predictability": {
    "summary_pred_mse_h1_checkpoint_train": 0.0038671036620968884,
    "summary_pred_mse_h1_checkpoint_val": 0.004507493105428176
  },
  "classification": {
    "pooled_final": {
      "linear": {
        "epoch": 0,
        "best_val_video_acc": 0.7239057239057239,
        "best_val_clip_acc": 0.47446197271347046,
        "best_val_loss": 1.7833844423294067,
        "train_clip_acc": 0.6783304810523987
      },
      "mlp": {
        "epoch": 11,
        "best_val_video_acc": 0.7575757575757576,
        "best_val_clip_acc": 0.5021322965621948,
        "best_val_loss": 4.849477291107178,
        "train_clip_acc": 0.9854773879051208
      }
    },
    "summary_final": {
      "linear": {
        "epoch": 12,
        "best_val_video_acc": 0.7239057239057239,
        "best_val_clip_acc": 0.45889121294021606,
        "best_val_loss": 1.8608531951904297,
        "train_clip_acc": 0.5520868897438049
      },
      "mlp": {
        "epoch": 10,
        "best_val_video_acc": 0.7373737373737373,
        "best_val_clip_acc": 0.4931071996688843,
        "best_val_loss": 1.941393494606018,
        "train_clip_acc": 0.6955974698066711
      }
    }
  },
  "delta_regression": {
    "pooled_state": {
      "linear": {
        "epoch": 1,
        "best_val_mse": 0.2182273268699646,
        "train_mse": 0.201588436961174
      },
      "mlp": {
        "epoch": 14,
        "best_val_mse": 0.2046699970960617,
        "train_mse": 0.1704748123884201
      }
    },
    "summary": {
      "linear": {
        "epoch": 11,
        "best_val_mse": 0.0038746718782931566,
        "train_mse": 0.0032750244718044996
      },
      "mlp": {
        "epoch": 13,
        "best_val_mse": 0.0036919252015650272,
        "train_mse": 0.002834863727912307
      }
    }
  }
}